<?xml version="1.0" encoding="utf-8"?>
<modification>
	<name>DEV-OPENCART.COM — Простое оформление заказа</name>
  <version>1</version>
  <link>https://dev-opencart.com</link>
  <author>DEV-OPENCART.COM</author>
  <code>dev_opencart_com_just_oform_zakaz</code>

	<file path="catalog/controller/checkout/checkout.php">
		<operation>
			<search>
				<![CDATA[
					public function index() {
				]]>
			</search>
			<add position="after">
				<![CDATA[		
					$this->response->redirect($this->url->link('extension/module/custom'));
				]]>
			</add>
		</operation>
	</file> 

	<file path="catalog/controller/checkout/cart.php">
		<operation>
			<search>
				<![CDATA[
					public function index() {
				]]>
			</search>
			<add position="after">
				<![CDATA[		
					$this->response->redirect($this->url->link('extension/module/custom'));
				]]>
			</add>
		</operation>
	</file>
	<file path="admin/controller/common/column_left.php">
		<operation>
			<search>
				<![CDATA[
					if ($this->user->hasPermission('access', 'marketplace/extension')) {
				]]>
			</search>
			<add position="before">
				<![CDATA[		
					if ($this->user->hasPermission('access', 'extension/module/custom')) {		
						$marketplace[] = array(
							'name'	   => $this->language->get('text_module_custom'),
							'href'     => $this->url->link('extension/module/custom', 'user_token=' . $this->session->data['user_token'], true),
							'children' => array()
						);
					}
				]]>
			</add>
		</operation>
	</file>
	<file path="admin/language/ru-ru/common/column_left.php">
		<operation>
			<search>
				<![CDATA[
					$_['text_modification']
				]]>
			</search>
			<add position="before">
				<![CDATA[
					$_['text_module_custom'] = 'Оформление заказа';
				]]>
			</add>
		</operation>
	</file>
	<file path="admin/language/en-gb/common/column_left.php">
		<operation>
			<search>
				<![CDATA[
					$_['text_modification']
				]]>
			</search>
			<add position="before">
				<![CDATA[
					$_['text_module_custom'] = 'Custom Checkout';
				]]>
			</add>
		</operation>
	</file>
</modification>
